{
    "Age Bins": [
        25,
        50,
        75,
        100,
        125
    ],
    "MSP Mean by Age Bin": [
        [
            0.8632667310552,
            0.8663234088753,
            0.8725000023842,
            0.857499986887,
            0.8826284248331
        ],
        [
            0.8624046362191,
            0.8712405961259,
            0.873493152122,
            0.857499986887,
            0.8831850525747
        ]
    ],
    "Non-Specific Mean by Age Bin": [
        [
            0.7913650278989,
            0.9880864695119,
            0.9972526126973,
            1,
            1
        ],
        [
            0.7751695395588,
            0.9881515987902,
            0.9972555594525,
            1,
            1
        ]
    ],
    "PfEMP1 Mean by Age Bin": [
        [
            0.9790955765201,
            0.979491552852,
            0.9802499935031,
            0.9786335564639,
            0.9819375015795
        ],
        [
            0.9790281954887,
            0.979908272019,
            0.9804023946189,
            0.9790821977674,
            0.9818309637788
        ]
    ],
    "MSP StdDev by Age Bin": [
        [
            0.03146989378593,
            0.03586982024275,
            0.01299036866778,
            0.02046338790071,
            0.02644183223304
        ],
        [
            0.03046207382119,
            0.036680426133,
            0.01342621718435,
            0.02046338790071,
            0.02496969378762
        ]
    ],
    "Non-Specific StdDev by Age Bin": [
        [
            0.2602374122976,
            0.01315735830347,
            0.00446382233485,
            0,
            0
        ],
        [
            0.2789481711119,
            0.01310852104812,
            0.004462334073195,
            0,
            0
        ]
    ],
    "PfEMP1 StdDev by Age Bin": [
        [
            0.005103897532884,
            0.005738237822243,
            0.002277617507036,
            0.002825865931333,
            0.004145300627574
        ],
        [
            0.005032654177563,
            0.005761350326143,
            0.002171759356921,
            0.002869313618544,
            0.004228758281701
        ]
    ]
}
