{
    "ntsteps": 5,
    "patient_array": [{
        "asexual_parasites": [
            [
                0,
                30,
                30,
                730,
                570

            ]
        ],
        "asexual_positive_fields": [
            [
                0,
                21,
                19,
                154,
                147
            ]
        ],
        "birthday": -3031.024658203,
        "gametocyte_positive_fields": [
            [
                0,
                0,
                0,
                0,
                1
            ]
        ],
        "gametocytes": [
            [
                0,
                0,
                0,
                0,
                10
            ]
        ],
        "hemoglobin": [
            [
                13.95295619965,
                13.94942092896,
                13.94591999054,
                13.94245052338,
                13.93901348114
            ]
        ],
        "id": 1,
        "infected_mosquito_fraction": [
            [
                0,
                0.02632671967149,
                0.1359317451715,
                0.3907080292702,
                2.00230383873
            ]
        ],
        "initial_age": 3031.024658203,
        "temps": [
            [
                -1,
                38.39496612549,
                40.47192382813,
                40.53329849243,
                43.32601165771
            ]
        ],
        "treatment": [
            [
                "",
                "",
                "",
                "",
                ""
            ]
        ],
        "true_asexual_parasites": [
            [
                0,
                0.01264353003353,
                0.2007576525211,
                2.86963891983,
                41.02872848511
            ]
        ],
        "true_gametocytes": [
            [
                0,
                0.3181047737598,
                4.729532718658,
                67.70833587646,
                967.8447875977
            ]
        ]
    }]
}