{
    "transmissions": [{
            "node_id": 1,
            "transmitTime": 0,
            "transmitIndividualId": 0,
            "transmitInfectionIds": [],
            "transmitGametocyteDensities": [],
            "vectorId": 0,
            "acquireTime": 100,
            "acquireIndividualId": 6,
            "acquireInfectionIds": [
                1
            ],
            "concurrentInfectionIds": []
        },
        {
            "node_id": 1,
            "transmitTime": 231,
            "transmitIndividualId": 62,
            "transmitInfectionIds": [
                579,
                625,
                693,
                715,
                747,
                785,
                819,
                865,
                935,
                965
            ],
            "transmitGametocyteDensities": [
                1154.381591797,
                935.8335571289,
                1806.419799805,
                60.45545959473,
                59.96842575073,
                57.74061584473,
                3.254687070847,
                2.291612148285,
                0.1661687344313,
                0.005024351645261
            ],
            "vectorId": 204416,
            "acquireTime": 249,
            "acquireIndividualId": 50,
            "acquireInfectionIds": [
                1557
            ],
            "concurrentInfectionIds": [
                603,
                645,
                667,
                691,
                739,
                769,
                807,
                849,
                1551
            ]
        }
    ]
}